{
  "best_metric": null,
  "best_model_checkpoint": null,
  "epoch": 199.68051118210863,
  "global_step": 62500,
  "is_hyper_param_search": false,
  "is_local_process_zero": true,
  "is_world_process_zero": true,
  "log_history": [
    {
      "epoch": 1.6,
      "learning_rate": 7.987220447284345e-06,
      "loss": 0.2229,
      "step": 500
    },
    {
      "epoch": 3.19,
      "learning_rate": 1.597444089456869e-05,
      "loss": 0.085,
      "step": 1000
    },
    {
      "epoch": 4.79,
      "learning_rate": 2.3961661341853036e-05,
      "loss": 0.0614,
      "step": 1500
    },
    {
      "epoch": 6.39,
      "learning_rate": 3.194888178913738e-05,
      "loss": 0.0514,
      "step": 2000
    },
    {
      "epoch": 7.99,
      "learning_rate": 3.9936102236421726e-05,
      "loss": 0.0454,
      "step": 2500
    },
    {
      "epoch": 9.58,
      "learning_rate": 4.792332268370607e-05,
      "loss": 0.0417,
      "step": 3000
    },
    {
      "epoch": 11.18,
      "learning_rate": 5.5910543130990424e-05,
      "loss": 0.0384,
      "step": 3500
    },
    {
      "epoch": 12.78,
      "learning_rate": 6.389776357827476e-05,
      "loss": 0.0358,
      "step": 4000
    },
    {
      "epoch": 14.38,
      "learning_rate": 7.188498402555911e-05,
      "loss": 0.0337,
      "step": 4500
    },
    {
      "epoch": 15.97,
      "learning_rate": 7.987220447284345e-05,
      "loss": 0.0316,
      "step": 5000
    },
    {
      "epoch": 17.57,
      "learning_rate": 8.78594249201278e-05,
      "loss": 0.0298,
      "step": 5500
    },
    {
      "epoch": 19.17,
      "learning_rate": 9.584664536741214e-05,
      "loss": 0.0281,
      "step": 6000
    },
    {
      "epoch": 20.77,
      "learning_rate": 9.957401490947817e-05,
      "loss": 0.0275,
      "step": 6500
    },
    {
      "epoch": 22.36,
      "learning_rate": 9.868654597089103e-05,
      "loss": 0.0264,
      "step": 7000
    },
    {
      "epoch": 23.96,
      "learning_rate": 9.779907703230388e-05,
      "loss": 0.0256,
      "step": 7500
    },
    {
      "epoch": 25.56,
      "learning_rate": 9.691160809371672e-05,
      "loss": 0.0245,
      "step": 8000
    },
    {
      "epoch": 27.16,
      "learning_rate": 9.602413915512957e-05,
      "loss": 0.0246,
      "step": 8500
    },
    {
      "epoch": 28.75,
      "learning_rate": 9.513667021654243e-05,
      "loss": 0.0234,
      "step": 9000
    },
    {
      "epoch": 30.35,
      "learning_rate": 9.424920127795528e-05,
      "loss": 0.023,
      "step": 9500
    },
    {
      "epoch": 31.95,
      "learning_rate": 9.336173233936812e-05,
      "loss": 0.0223,
      "step": 10000
    },
    {
      "epoch": 33.55,
      "learning_rate": 9.247426340078099e-05,
      "loss": 0.0217,
      "step": 10500
    },
    {
      "epoch": 35.14,
      "learning_rate": 9.158679446219383e-05,
      "loss": 0.0209,
      "step": 11000
    },
    {
      "epoch": 36.74,
      "learning_rate": 9.069932552360668e-05,
      "loss": 0.0213,
      "step": 11500
    },
    {
      "epoch": 38.34,
      "learning_rate": 8.981185658501953e-05,
      "loss": 0.0208,
      "step": 12000
    },
    {
      "epoch": 39.94,
      "learning_rate": 8.892438764643239e-05,
      "loss": 0.0199,
      "step": 12500
    },
    {
      "epoch": 41.53,
      "learning_rate": 8.803691870784523e-05,
      "loss": 0.0205,
      "step": 13000
    },
    {
      "epoch": 43.13,
      "learning_rate": 8.714944976925808e-05,
      "loss": 0.02,
      "step": 13500
    },
    {
      "epoch": 44.73,
      "learning_rate": 8.626198083067093e-05,
      "loss": 0.0198,
      "step": 14000
    },
    {
      "epoch": 46.33,
      "learning_rate": 8.537451189208379e-05,
      "loss": 0.0192,
      "step": 14500
    },
    {
      "epoch": 47.92,
      "learning_rate": 8.448704295349663e-05,
      "loss": 0.0188,
      "step": 15000
    },
    {
      "epoch": 49.52,
      "learning_rate": 8.359957401490948e-05,
      "loss": 0.0191,
      "step": 15500
    },
    {
      "epoch": 51.12,
      "learning_rate": 8.271210507632233e-05,
      "loss": 0.0184,
      "step": 16000
    },
    {
      "epoch": 52.72,
      "learning_rate": 8.182463613773517e-05,
      "loss": 0.0189,
      "step": 16500
    },
    {
      "epoch": 54.31,
      "learning_rate": 8.093716719914803e-05,
      "loss": 0.0189,
      "step": 17000
    },
    {
      "epoch": 55.91,
      "learning_rate": 8.004969826056088e-05,
      "loss": 0.0179,
      "step": 17500
    },
    {
      "epoch": 57.51,
      "learning_rate": 7.916222932197374e-05,
      "loss": 0.018,
      "step": 18000
    },
    {
      "epoch": 59.11,
      "learning_rate": 7.827476038338658e-05,
      "loss": 0.0177,
      "step": 18500
    },
    {
      "epoch": 60.7,
      "learning_rate": 7.738729144479944e-05,
      "loss": 0.0174,
      "step": 19000
    },
    {
      "epoch": 62.3,
      "learning_rate": 7.649982250621228e-05,
      "loss": 0.0171,
      "step": 19500
    },
    {
      "epoch": 63.9,
      "learning_rate": 7.561235356762514e-05,
      "loss": 0.0175,
      "step": 20000
    },
    {
      "epoch": 65.5,
      "learning_rate": 7.472488462903799e-05,
      "loss": 0.017,
      "step": 20500
    },
    {
      "epoch": 67.09,
      "learning_rate": 7.383741569045084e-05,
      "loss": 0.0169,
      "step": 21000
    },
    {
      "epoch": 68.69,
      "learning_rate": 7.294994675186368e-05,
      "loss": 0.0174,
      "step": 21500
    },
    {
      "epoch": 70.29,
      "learning_rate": 7.206247781327654e-05,
      "loss": 0.0174,
      "step": 22000
    },
    {
      "epoch": 71.88,
      "learning_rate": 7.117500887468939e-05,
      "loss": 0.0165,
      "step": 22500
    },
    {
      "epoch": 73.48,
      "learning_rate": 7.028753993610224e-05,
      "loss": 0.0162,
      "step": 23000
    },
    {
      "epoch": 75.08,
      "learning_rate": 6.940007099751508e-05,
      "loss": 0.0161,
      "step": 23500
    },
    {
      "epoch": 76.68,
      "learning_rate": 6.851260205892794e-05,
      "loss": 0.0161,
      "step": 24000
    },
    {
      "epoch": 78.27,
      "learning_rate": 6.762513312034079e-05,
      "loss": 0.0165,
      "step": 24500
    },
    {
      "epoch": 79.87,
      "learning_rate": 6.673766418175364e-05,
      "loss": 0.0162,
      "step": 25000
    },
    {
      "epoch": 81.47,
      "learning_rate": 6.585019524316648e-05,
      "loss": 0.0166,
      "step": 25500
    },
    {
      "epoch": 83.07,
      "learning_rate": 6.496272630457935e-05,
      "loss": 0.0156,
      "step": 26000
    },
    {
      "epoch": 84.66,
      "learning_rate": 6.407525736599219e-05,
      "loss": 0.0158,
      "step": 26500
    },
    {
      "epoch": 86.26,
      "learning_rate": 6.318778842740504e-05,
      "loss": 0.0154,
      "step": 27000
    },
    {
      "epoch": 87.86,
      "learning_rate": 6.23003194888179e-05,
      "loss": 0.0159,
      "step": 27500
    },
    {
      "epoch": 89.46,
      "learning_rate": 6.141285055023075e-05,
      "loss": 0.0155,
      "step": 28000
    },
    {
      "epoch": 91.05,
      "learning_rate": 6.052538161164359e-05,
      "loss": 0.0153,
      "step": 28500
    },
    {
      "epoch": 92.65,
      "learning_rate": 5.963791267305645e-05,
      "loss": 0.015,
      "step": 29000
    },
    {
      "epoch": 94.25,
      "learning_rate": 5.87504437344693e-05,
      "loss": 0.0149,
      "step": 29500
    },
    {
      "epoch": 95.85,
      "learning_rate": 5.786297479588215e-05,
      "loss": 0.0149,
      "step": 30000
    },
    {
      "epoch": 97.44,
      "learning_rate": 5.6975505857295e-05,
      "loss": 0.0151,
      "step": 30500
    },
    {
      "epoch": 99.04,
      "learning_rate": 5.608803691870784e-05,
      "loss": 0.0149,
      "step": 31000
    },
    {
      "epoch": 100.64,
      "learning_rate": 5.52005679801207e-05,
      "loss": 0.0149,
      "step": 31500
    },
    {
      "epoch": 102.24,
      "learning_rate": 5.4313099041533546e-05,
      "loss": 0.0147,
      "step": 32000
    },
    {
      "epoch": 103.83,
      "learning_rate": 5.34256301029464e-05,
      "loss": 0.0148,
      "step": 32500
    },
    {
      "epoch": 105.43,
      "learning_rate": 5.253816116435925e-05,
      "loss": 0.0147,
      "step": 33000
    },
    {
      "epoch": 107.03,
      "learning_rate": 5.16506922257721e-05,
      "loss": 0.0143,
      "step": 33500
    },
    {
      "epoch": 108.63,
      "learning_rate": 5.076322328718495e-05,
      "loss": 0.014,
      "step": 34000
    },
    {
      "epoch": 110.22,
      "learning_rate": 4.98757543485978e-05,
      "loss": 0.0143,
      "step": 34500
    },
    {
      "epoch": 111.82,
      "learning_rate": 4.8988285410010654e-05,
      "loss": 0.0141,
      "step": 35000
    },
    {
      "epoch": 113.42,
      "learning_rate": 4.810081647142351e-05,
      "loss": 0.0145,
      "step": 35500
    },
    {
      "epoch": 115.02,
      "learning_rate": 4.7213347532836354e-05,
      "loss": 0.014,
      "step": 36000
    },
    {
      "epoch": 116.61,
      "learning_rate": 4.632587859424921e-05,
      "loss": 0.0144,
      "step": 36500
    },
    {
      "epoch": 118.21,
      "learning_rate": 4.5438409655662055e-05,
      "loss": 0.0139,
      "step": 37000
    },
    {
      "epoch": 119.81,
      "learning_rate": 4.455094071707491e-05,
      "loss": 0.0136,
      "step": 37500
    },
    {
      "epoch": 121.41,
      "learning_rate": 4.3663471778487755e-05,
      "loss": 0.0135,
      "step": 38000
    },
    {
      "epoch": 123.0,
      "learning_rate": 4.27760028399006e-05,
      "loss": 0.0135,
      "step": 38500
    },
    {
      "epoch": 124.6,
      "learning_rate": 4.1888533901313455e-05,
      "loss": 0.0138,
      "step": 39000
    },
    {
      "epoch": 126.2,
      "learning_rate": 4.10010649627263e-05,
      "loss": 0.0133,
      "step": 39500
    },
    {
      "epoch": 127.8,
      "learning_rate": 4.0113596024139156e-05,
      "loss": 0.0138,
      "step": 40000
    },
    {
      "epoch": 129.39,
      "learning_rate": 3.922612708555201e-05,
      "loss": 0.0137,
      "step": 40500
    },
    {
      "epoch": 130.99,
      "learning_rate": 3.8338658146964856e-05,
      "loss": 0.0134,
      "step": 41000
    },
    {
      "epoch": 132.59,
      "learning_rate": 3.745118920837771e-05,
      "loss": 0.0132,
      "step": 41500
    },
    {
      "epoch": 134.19,
      "learning_rate": 3.6563720269790556e-05,
      "loss": 0.0133,
      "step": 42000
    },
    {
      "epoch": 135.78,
      "learning_rate": 3.567625133120341e-05,
      "loss": 0.0133,
      "step": 42500
    },
    {
      "epoch": 137.38,
      "learning_rate": 3.4788782392616256e-05,
      "loss": 0.0131,
      "step": 43000
    },
    {
      "epoch": 138.98,
      "learning_rate": 3.390131345402911e-05,
      "loss": 0.013,
      "step": 43500
    },
    {
      "epoch": 140.58,
      "learning_rate": 3.3013844515441964e-05,
      "loss": 0.0131,
      "step": 44000
    },
    {
      "epoch": 142.17,
      "learning_rate": 3.212637557685481e-05,
      "loss": 0.0128,
      "step": 44500
    },
    {
      "epoch": 143.77,
      "learning_rate": 3.1238906638267664e-05,
      "loss": 0.0128,
      "step": 45000
    },
    {
      "epoch": 145.37,
      "learning_rate": 3.0351437699680514e-05,
      "loss": 0.0133,
      "step": 45500
    },
    {
      "epoch": 146.96,
      "learning_rate": 2.9463968761093364e-05,
      "loss": 0.013,
      "step": 46000
    },
    {
      "epoch": 148.56,
      "learning_rate": 2.8576499822506214e-05,
      "loss": 0.0129,
      "step": 46500
    },
    {
      "epoch": 150.16,
      "learning_rate": 2.7689030883919064e-05,
      "loss": 0.0129,
      "step": 47000
    },
    {
      "epoch": 151.76,
      "learning_rate": 2.6801561945331915e-05,
      "loss": 0.0128,
      "step": 47500
    },
    {
      "epoch": 153.35,
      "learning_rate": 2.5914093006744765e-05,
      "loss": 0.0127,
      "step": 48000
    },
    {
      "epoch": 154.95,
      "learning_rate": 2.5026624068157618e-05,
      "loss": 0.0126,
      "step": 48500
    },
    {
      "epoch": 156.55,
      "learning_rate": 2.4139155129570465e-05,
      "loss": 0.0129,
      "step": 49000
    },
    {
      "epoch": 158.15,
      "learning_rate": 2.3251686190983315e-05,
      "loss": 0.0126,
      "step": 49500
    },
    {
      "epoch": 159.74,
      "learning_rate": 2.2364217252396165e-05,
      "loss": 0.0124,
      "step": 50000
    },
    {
      "epoch": 161.34,
      "learning_rate": 2.1476748313809016e-05,
      "loss": 0.0124,
      "step": 50500
    },
    {
      "epoch": 162.94,
      "learning_rate": 2.058927937522187e-05,
      "loss": 0.0125,
      "step": 51000
    },
    {
      "epoch": 164.54,
      "learning_rate": 1.970181043663472e-05,
      "loss": 0.0126,
      "step": 51500
    },
    {
      "epoch": 166.13,
      "learning_rate": 1.881434149804757e-05,
      "loss": 0.0126,
      "step": 52000
    },
    {
      "epoch": 167.73,
      "learning_rate": 1.792687255946042e-05,
      "loss": 0.0125,
      "step": 52500
    },
    {
      "epoch": 169.33,
      "learning_rate": 1.703940362087327e-05,
      "loss": 0.0126,
      "step": 53000
    },
    {
      "epoch": 170.93,
      "learning_rate": 1.615193468228612e-05,
      "loss": 0.0126,
      "step": 53500
    },
    {
      "epoch": 172.52,
      "learning_rate": 1.5264465743698973e-05,
      "loss": 0.012,
      "step": 54000
    },
    {
      "epoch": 174.12,
      "learning_rate": 1.4376996805111822e-05,
      "loss": 0.0121,
      "step": 54500
    },
    {
      "epoch": 175.72,
      "learning_rate": 1.3489527866524674e-05,
      "loss": 0.0121,
      "step": 55000
    },
    {
      "epoch": 177.32,
      "learning_rate": 1.2602058927937524e-05,
      "loss": 0.0124,
      "step": 55500
    },
    {
      "epoch": 178.91,
      "learning_rate": 1.1714589989350374e-05,
      "loss": 0.0123,
      "step": 56000
    },
    {
      "epoch": 180.51,
      "learning_rate": 1.0827121050763224e-05,
      "loss": 0.0122,
      "step": 56500
    },
    {
      "epoch": 182.11,
      "learning_rate": 9.939652112176074e-06,
      "loss": 0.0125,
      "step": 57000
    },
    {
      "epoch": 183.71,
      "learning_rate": 9.052183173588926e-06,
      "loss": 0.0119,
      "step": 57500
    },
    {
      "epoch": 185.3,
      "learning_rate": 8.164714235001775e-06,
      "loss": 0.012,
      "step": 58000
    },
    {
      "epoch": 186.9,
      "learning_rate": 7.2772452964146255e-06,
      "loss": 0.0122,
      "step": 58500
    },
    {
      "epoch": 188.5,
      "learning_rate": 6.389776357827476e-06,
      "loss": 0.0123,
      "step": 59000
    },
    {
      "epoch": 190.1,
      "learning_rate": 5.502307419240327e-06,
      "loss": 0.0123,
      "step": 59500
    },
    {
      "epoch": 191.69,
      "learning_rate": 4.614838480653178e-06,
      "loss": 0.012,
      "step": 60000
    },
    {
      "epoch": 193.29,
      "learning_rate": 3.7273695420660283e-06,
      "loss": 0.0115,
      "step": 60500
    },
    {
      "epoch": 194.89,
      "learning_rate": 2.8399006034788784e-06,
      "loss": 0.0118,
      "step": 61000
    },
    {
      "epoch": 196.49,
      "learning_rate": 1.952431664891729e-06,
      "loss": 0.0116,
      "step": 61500
    },
    {
      "epoch": 198.08,
      "learning_rate": 1.0649627263045794e-06,
      "loss": 0.0121,
      "step": 62000
    },
    {
      "epoch": 199.68,
      "learning_rate": 1.774937877174299e-07,
      "loss": 0.0118,
      "step": 62500
    }
  ],
  "max_steps": 62600,
  "num_train_epochs": 200,
  "total_flos": 9036920282640000.0,
  "trial_name": null,
  "trial_params": null
}
