bc/l2_norm,bc/l2_loss,bc/samples_so_far,bc/batch,bc/neglogp,bc/loss,bc/entropy,bc/epoch,bc/ent_loss,bc/prob_true_act,batch_size
64.50019836425781,0.0,32,0,4.367918968200684,4.362243175506592,5.675754070281982,0,-0.005675754509866238,0.013497484847903252,32
70.1955795288086,0.0,16032,500,2.936673641204834,2.9327356815338135,3.9379518032073975,0,-0.003937952220439911,0.07807125896215439,32
70.52708435058594,0.0,32032,1000,2.5270838737487793,2.5240933895111084,2.9904980659484863,0,-0.0029904982075095177,0.17204758524894714,32
70.60584259033203,0.0,48032,1500,2.3258283138275146,2.3231005668640137,2.7276597023010254,0,-0.00272765988484025,0.25223228335380554,32
70.68500518798828,0.0,64032,2000,2.3869736194610596,2.3842763900756836,2.6971311569213867,1,-0.0026971313636749983,0.2122785449028015,32
70.68102264404297,0.0,80032,2500,3.047640800476074,3.044973373413086,2.6674752235412598,1,-0.0026674752589315176,0.2094840258359909,32
70.64337158203125,0.0,96032,3000,2.534104347229004,2.53140926361084,2.6951420307159424,1,-0.0026951420586556196,0.18128561973571777,32
70.75138854980469,0.0,112032,3500,2.8457093238830566,2.843029737472534,2.679661989212036,2,-0.0026796620804816484,0.23414617776870728,32
70.66630554199219,0.0,128032,4000,2.452056884765625,2.4493885040283203,2.6683766841888428,2,-0.0026683767791837454,0.24937085807323456,32
70.73282623291016,0.0,144032,4500,2.730703353881836,2.728010892868042,2.6925697326660156,2,-0.0026925697457045317,0.24014624953269958,32
70.70218658447266,0.0,160032,5000,2.627986431121826,2.62528133392334,2.7050013542175293,3,-0.0027050015050917864,0.18077132105827332,32
70.69398498535156,0.0,176032,5500,2.6405794620513916,2.6379096508026123,2.6698198318481445,3,-0.002669819863513112,0.18906047940254211,32
70.8851089477539,0.0,192032,6000,2.6499671936035156,2.6473546028137207,2.6124916076660156,3,-0.002612491836771369,0.2275468111038208,32
70.78907012939453,0.0,208032,6500,2.4711997509002686,2.4685068130493164,2.692993402481079,4,-0.0026929934974759817,0.2480999231338501,32
70.78683471679688,0.0,224032,7000,3.1462738513946533,3.143643379211426,2.6304116249084473,4,-0.002630411647260189,0.18647149205207825,32
70.8284912109375,0.0,240032,7500,2.052824020385742,2.0501296520233154,2.6942687034606934,4,-0.0026942689437419176,0.23720113933086395,32
70.82295227050781,0.0,256032,8000,2.3469300270080566,2.3442814350128174,2.648642063140869,5,-0.002648642286658287,0.21705032885074615,32
70.8405532836914,0.0,272032,8500,3.2636256217956543,3.260948896408081,2.6767067909240723,5,-0.0026767069939523935,0.1845841109752655,32
70.83028411865234,0.0,288032,9000,2.208775520324707,2.206105947494507,2.669504404067993,5,-0.0026695046108216047,0.23476344347000122,32
70.87256622314453,0.0,304032,9500,2.624263286590576,2.6215875148773193,2.6758697032928467,6,-0.002675869734957814,0.19973322749137878,32
70.95829010009766,0.0,320032,10000,2.1626720428466797,2.1600286960601807,2.643249988555908,6,-0.002643250161781907,0.2698756158351898,32
70.89542388916016,0.0,336032,10500,3.4443440437316895,3.4416344165802,2.7096400260925293,6,-0.0027096401900053024,0.17312085628509521,32
70.96707153320312,0.0,352032,11000,2.960092544555664,2.9573824405670166,2.7101757526397705,7,-0.00271017593331635,0.19877725839614868,32
70.98308563232422,0.0,368032,11500,2.8146631717681885,2.8119688034057617,2.6944456100463867,7,-0.002694445662200451,0.2274111658334732,32
70.9646987915039,0.0,384032,12000,2.9830260276794434,2.9803645610809326,2.661487579345703,7,-0.0026614877860993147,0.19584736227989197,32
70.9693374633789,0.0,400032,12500,2.3698418140411377,2.367152452468872,2.689439058303833,8,-0.0026894391048699617,0.2435283362865448,32
71.02474212646484,0.0,416032,13000,2.657083034515381,2.654414176940918,2.6688923835754395,8,-0.0026688924990594387,0.22701743245124817,32
71.19419860839844,0.0,432032,13500,2.694742202758789,2.692075490951538,2.6666460037231445,8,-0.002666646149009466,0.21711605787277222,32
71.10054016113281,0.0,448032,14000,2.6183066368103027,2.6155879497528076,2.7186896800994873,9,-0.002718689851462841,0.20546022057533264,32
71.17215728759766,0.0,464032,14500,3.0964250564575195,3.09377121925354,2.6538078784942627,9,-0.0026538081001490355,0.2008868157863617,32
71.12220764160156,0.0,480032,15000,3.2963781356811523,3.2937004566192627,2.67758846282959,9,-0.002677588490769267,0.1759117990732193,32
71.08929443359375,0.0,496032,15500,2.8517611026763916,2.8490681648254395,2.693028450012207,10,-0.0026930286549031734,0.16023077070713043,32
71.1624984741211,0.0,512032,16000,2.079634428024292,2.076964855194092,2.6695199012756348,10,-0.002669519977644086,0.25627925992012024,32
71.20668029785156,0.0,528032,16500,2.7225232124328613,2.7198503017425537,2.672837734222412,10,-0.0026728378143161535,0.2751513719558716,32
71.21746063232422,0.0,544032,17000,3.6137099266052246,3.6110544204711914,2.65539288520813,11,-0.0026553929783403873,0.16586574912071228,32
71.25736999511719,0.0,560032,17500,2.824173927307129,2.821498394012451,2.675499677658081,11,-0.0026754997670650482,0.2023875117301941,32
71.17932891845703,0.0,576032,18000,2.5726318359375,2.5699667930603027,2.6651504039764404,11,-0.0026651504449546337,0.2114197015762329,32
71.26227569580078,0.0,592032,18500,3.024937152862549,3.0223045349121094,2.632507085800171,12,-0.002632507123053074,0.18441593647003174,32
71.32598114013672,0.0,608032,19000,2.3715567588806152,2.3688900470733643,2.666619300842285,12,-0.002666619373485446,0.2592273950576782,32
71.28903198242188,0.0,624032,19500,2.289731740951538,2.2870612144470215,2.670560836791992,12,-0.0026705609634518623,0.2505806088447571,32
71.23893737792969,0.0,640032,20000,3.2607760429382324,3.2580785751342773,2.6975772380828857,13,-0.002697577467188239,0.17940469086170197,32
71.40360260009766,0.0,656032,20500,2.615257978439331,2.612590789794922,2.667142152786255,13,-0.0026671423111110926,0.2446204274892807,32
71.43614959716797,0.0,672032,21000,2.8008182048797607,2.7981984615325928,2.619839668273926,13,-0.0026198397390544415,0.18659988045692444,32
71.4376220703125,0.0,688032,21500,2.463876724243164,2.4611966609954834,2.680121421813965,14,-0.0026801214553415775,0.24573548138141632,32
71.41204071044922,0.0,704032,22000,2.8326973915100098,2.8300259113311768,2.671382427215576,14,-0.002671382622793317,0.19563472270965576,32
71.37438201904297,0.0,720032,22500,2.362562656402588,2.3598904609680176,2.6721994876861572,14,-0.0026721996255218983,0.20259280502796173,32
71.51911926269531,0.0,736032,23000,2.3071818351745605,2.304537773132324,2.64400315284729,15,-0.0026440033689141273,0.2650383710861206,32
71.5191650390625,0.0,752032,23500,2.8038735389709473,2.801168203353882,2.7053933143615723,15,-0.002705393359065056,0.22316576540470123,32
71.51014709472656,0.0,768032,24000,2.7996623516082764,2.796978712081909,2.683589458465576,15,-0.0026835897006094456,0.20042288303375244,32
71.51483154296875,0.0,784032,24500,2.2224621772766113,2.2198266983032227,2.6353628635406494,16,-0.0026353630237281322,0.2579231262207031,32
71.47247314453125,0.0,800032,25000,2.18308162689209,2.1804211139678955,2.6604998111724854,16,-0.0026604998856782913,0.25966957211494446,32
71.63043975830078,0.0,816032,25500,2.55765962600708,2.5549821853637695,2.677412986755371,16,-0.0026774131692945957,0.22956402599811554,32
71.62686920166016,0.0,832032,26000,1.9122931957244873,1.9096219539642334,2.6712419986724854,16,-0.0026712422259151936,0.2575820982456207,32
71.7263412475586,0.0,848032,26500,2.8675272464752197,2.864882469177246,2.6447057723999023,17,-0.002644705818966031,0.25064167380332947,32
71.59027862548828,0.0,864032,27000,2.8517937660217285,2.8490631580352783,2.730635643005371,17,-0.00273063569329679,0.23539912700653076,32
71.69549560546875,0.0,880032,27500,2.7274422645568848,2.7247865200042725,2.6558079719543457,17,-0.002655808115378022,0.20946237444877625,32
71.67725372314453,0.0,896032,28000,2.616870403289795,2.6142070293426514,2.663362979888916,18,-0.002663363004103303,0.20222103595733643,32
71.73003387451172,0.0,912032,28500,2.940830707550049,2.9381155967712402,2.715108871459961,18,-0.0027151089161634445,0.16723355650901794,32
71.85218048095703,0.0,928032,29000,2.559508800506592,2.5568556785583496,2.6530590057373047,18,-0.002653059083968401,0.19929754734039307,32
71.72797393798828,0.0,944032,29500,2.5325777530670166,2.529876947402954,2.7007458209991455,19,-0.0027007460594177246,0.20169728994369507,32
71.79708862304688,0.0,960032,30000,2.587723970413208,2.5850422382354736,2.6816799640655518,19,-0.0026816800236701965,0.2653503715991974,32
71.93817901611328,0.0,976032,30500,2.9554686546325684,2.952828884124756,2.6398262977600098,19,-0.002639826387166977,0.20672300457954407,32
71.919189453125,0.0,992032,31000,1.8328922986984253,1.8302299976348877,2.662350654602051,20,-0.0026623508892953396,0.3043653070926666,32
71.98319244384766,0.0,1008032,31500,3.002213478088379,2.9995405673980713,2.672872543334961,20,-0.0026728727389127016,0.17654937505722046,32
71.83234405517578,0.0,1024032,32000,3.545053720474243,3.542346239089966,2.7075119018554688,20,-0.002707512117922306,0.16767898201942444,32
72.01945495605469,0.0,1040032,32500,2.242215871810913,2.2395455837249756,2.670281410217285,21,-0.0026702815666794777,0.2495741993188858,32
72.04515838623047,0.0,1056032,33000,2.496899127960205,2.494199275970459,2.6999082565307617,21,-0.002699908334761858,0.2050403356552124,32
72.0188980102539,0.0,1072032,33500,4.122194290161133,4.1195149421691895,2.6791675090789795,21,-0.0026791675481945276,0.1471920609474182,32
72.02527618408203,0.0,1088032,34000,2.7636427879333496,2.7609944343566895,2.6484694480895996,22,-0.002648469526320696,0.16592098772525787,32
72.1449203491211,0.0,1104032,34500,2.9539034366607666,2.9512507915496826,2.6526174545288086,22,-0.0026526176370680332,0.20295380055904388,32
72.02310180664062,0.0,1120032,35000,2.8132083415985107,2.8105366230010986,2.671760320663452,22,-0.002671760506927967,0.21472860872745514,32
71.95733642578125,0.0,1136032,35500,3.001251459121704,2.998542547225952,2.7088353633880615,23,-0.0027088355273008347,0.17899754643440247,32
72.11076354980469,0.0,1152032,36000,2.6011157035827637,2.598426103591919,2.6896815299987793,23,-0.002689681714400649,0.20655512809753418,32
72.23950958251953,0.0,1168032,36500,2.7302355766296387,2.7275426387786865,2.692964553833008,23,-0.0026929646264761686,0.23008298873901367,32
72.18757629394531,0.0,1184032,37000,3.6650686264038086,3.6623852252960205,2.6833336353302,24,-0.00268333381973207,0.1516251415014267,32
72.3246841430664,0.0,1200032,37500,2.307992696762085,2.3053040504455566,2.6887333393096924,24,-0.002688733395189047,0.20315071940422058,32
72.38423156738281,0.0,1216032,38000,2.4937236309051514,2.491029739379883,2.6938538551330566,24,-0.0026938540395349264,0.212685227394104,32
72.39739227294922,0.0,1232032,38500,2.8889546394348145,2.8863022327423096,2.652345895767212,25,-0.002652345923706889,0.241379052400589,32
72.38865661621094,0.0,1248032,39000,2.20463228225708,2.201915979385376,2.7162673473358154,25,-0.002716267481446266,0.22144865989685059,32
72.46060943603516,0.0,1264032,39500,2.8384904861450195,2.8358335494995117,2.6568710803985596,25,-0.0026568712200969458,0.16551047563552856,32
72.58114624023438,0.0,1280032,40000,3.1916637420654297,3.1890056133270264,2.6582367420196533,26,-0.0026582367718219757,0.1631946861743927,32
72.38981628417969,0.0,1296032,40500,2.518686294555664,2.5159811973571777,2.7050557136535645,26,-0.0027050557546317577,0.21742792427539825,32
72.57083129882812,0.0,1312032,41000,2.8849830627441406,2.882291316986084,2.6916375160217285,26,-0.0026916377246379852,0.2028859555721283,32
72.55290222167969,0.0,1328032,41500,3.2809267044067383,3.2782163619995117,2.7104544639587402,27,-0.0027104546315968037,0.16877485811710358,32
72.58651733398438,0.0,1344032,42000,3.319518566131592,3.316824436187744,2.6942148208618164,27,-0.00269421492703259,0.16750222444534302,32
72.68335723876953,0.0,1360032,42500,3.7035140991210938,3.700878858566284,2.635260581970215,27,-0.002635260811075568,0.1578425019979477,32
72.75098419189453,0.0,1376032,43000,2.6332778930664062,2.630626678466797,2.6511435508728027,28,-0.0026511435862630606,0.22579288482666016,32
72.58589935302734,0.0,1392032,43500,3.903715133666992,3.900999069213867,2.716085910797119,28,-0.00271608610637486,0.1511494219303131,32
72.59700012207031,0.0,1408032,44000,2.823439121246338,2.820786476135254,2.652545213699341,28,-0.002652545226737857,0.19272974133491516,32
72.89563751220703,0.0,1424032,44500,2.5252790451049805,2.522660732269287,2.618291139602661,29,-0.0026182911824434996,0.27977263927459717,32
72.72653198242188,0.0,1440032,45000,2.7469868659973145,2.744252920150757,2.7338929176330566,29,-0.0027338929940015078,0.18952760100364685,32
72.86373901367188,0.0,1456032,45500,2.708373785018921,2.705742120742798,2.631664991378784,29,-0.0026316652074456215,0.2479417324066162,32
72.96686553955078,0.0,1472032,46000,2.0113797187805176,2.0087366104125977,2.643127679824829,30,-0.002643127692863345,0.28173428773880005,32
72.85398864746094,0.0,1488032,46500,1.8351174592971802,1.832422137260437,2.695323944091797,30,-0.002695324132218957,0.26318472623825073,32
72.9501724243164,0.0,1504032,47000,1.9652016162872314,1.9625084400177002,2.693234920501709,30,-0.0026932349428534508,0.2778002619743347,32
72.80229949951172,0.0,1520032,47500,2.1112544536590576,2.1085801124572754,2.6744439601898193,31,-0.0026744441129267216,0.24968358874320984,32
73.03736877441406,0.0,1536032,48000,2.4692506790161133,2.4666051864624023,2.6455256938934326,31,-0.00264552584849298,0.24057883024215698,32
72.95294189453125,0.0,1552032,48500,2.533653736114502,2.5309627056121826,2.6910769939422607,31,-0.0026910770684480667,0.20553463697433472,32
72.97837829589844,0.0,1568032,49000,2.3413422107696533,2.3386623859405518,2.6797595024108887,32,-0.0026797596365213394,0.22578930854797363,32
72.81012725830078,0.0,1584032,49500,3.152660608291626,3.149954319000244,2.706289768218994,32,-0.002706289989873767,0.2176780253648758,32
72.83354187011719,0.0,1600032,50000,3.170232057571411,3.167567491531372,2.664559841156006,32,-0.0026645599864423275,0.19207361340522766,32
73.1278076171875,0.0,1616032,50500,2.966317653656006,2.9636285305023193,2.689040422439575,32,-0.0026890404988080263,0.18632659316062927,32
73.07221984863281,0.0,1632032,51000,2.299086093902588,2.2964084148406982,2.677760362625122,33,-0.0026777605526149273,0.24296241998672485,32
73.09710693359375,0.0,1648032,51500,2.901421070098877,2.8987467288970947,2.6742563247680664,33,-0.0026742564514279366,0.22603033483028412,32
73.02425384521484,0.0,1664032,52000,2.7289862632751465,2.726311683654785,2.6745047569274902,33,-0.0026745048817247152,0.2052232325077057,32
73.16748809814453,0.0,1680032,52500,2.6119983196258545,2.6093289852142334,2.6692492961883545,34,-0.00266924942843616,0.21462476253509521,32
73.21865844726562,0.0,1696032,53000,2.4175047874450684,2.4148480892181396,2.656614065170288,34,-0.002656614175066352,0.22390423715114594,32
73.21524810791016,0.0,1712032,53500,3.062227964401245,3.059532403945923,2.6955525875091553,34,-0.002695552771911025,0.18761375546455383,32
73.15167236328125,0.0,1728032,54000,2.4821839332580566,2.479491710662842,2.692241668701172,35,-0.0026922416873276234,0.19554513692855835,32
73.23622131347656,0.0,1744032,54500,2.6300201416015625,2.6273486614227295,2.671480417251587,35,-0.002671480644494295,0.1777983009815216,32
73.19359588623047,0.0,1760032,55000,2.371922016143799,2.369249105453491,2.672848701477051,35,-0.0026728487573564053,0.23136141896247864,32
73.12716674804688,0.0,1776032,55500,2.617548942565918,2.6148338317871094,2.7151923179626465,36,-0.0027151925023645163,0.22797167301177979,32
73.23849487304688,0.0,1792032,56000,4.2714948654174805,4.268818378448486,2.676596164703369,36,-0.002676596399396658,0.13863086700439453,32
73.34291076660156,0.0,1808032,56500,3.1725258827209473,3.1698226928710938,2.703202724456787,36,-0.0027032028883695602,0.2029632031917572,32
73.32659149169922,0.0,1824032,57000,2.4802212715148926,2.4775264263153076,2.6949353218078613,37,-0.0026949355378746986,0.2238568812608719,32
73.35215759277344,0.0,1840032,57500,2.339923620223999,2.3372390270233154,2.6845412254333496,37,-0.002684541279450059,0.27525630593299866,32
73.34453582763672,0.0,1856032,58000,3.05649471282959,3.0538134574890137,2.6811585426330566,37,-0.0026811587158590555,0.16896143555641174,32
73.37364959716797,0.0,1872032,58500,2.4525928497314453,2.4499049186706543,2.688023090362549,38,-0.0026880232617259026,0.2629737854003906,32
73.51512145996094,0.0,1888032,59000,2.243323802947998,2.2406742572784424,2.649578094482422,38,-0.0026495782658457756,0.22682499885559082,32
73.36931610107422,0.0,1904032,59500,3.421774387359619,3.4191060066223145,2.668386459350586,38,-0.002668386558070779,0.17548829317092896,32
73.43852996826172,0.0,1920032,60000,3.29630184173584,3.2936294078826904,2.6724607944488525,39,-0.002672460861504078,0.19500626623630524,32
73.63652038574219,0.0,1936032,60500,2.8306493759155273,2.8280324935913086,2.616987466812134,39,-0.0026169875636696815,0.19874021410942078,32
73.39561462402344,0.0,1952032,61000,2.9089460372924805,2.906245470046997,2.7004623413085938,39,-0.002700462471693754,0.17263974249362946,32
73.50160217285156,0.0,1968032,61500,1.614734411239624,1.612026572227478,2.7078263759613037,40,-0.002707826439291239,0.2634381055831909,32
73.50579071044922,0.0,1984032,62000,2.3224215507507324,2.319735288619995,2.6862990856170654,40,-0.0026862991508096457,0.218763068318367,32
73.51861572265625,0.0,2000032,62500,3.8427228927612305,3.840074300765991,2.648564338684082,40,-0.0026485645212233067,0.1824568510055542,32
73.39441680908203,0.0,2016032,63000,2.6033577919006348,2.600661039352417,2.696824312210083,41,-0.0026968244928866625,0.20611104369163513,32
73.58159637451172,0.0,2032032,63500,2.7535979747772217,2.750953435897827,2.6445164680480957,41,-0.0026445165276527405,0.24803480505943298,32
73.56257629394531,0.0,2048032,64000,2.697312355041504,2.6946651935577393,2.647279739379883,41,-0.0026472797617316246,0.19086101651191711,32
73.48564147949219,0.0,2064032,64500,2.406629800796509,2.403963804244995,2.666025161743164,42,-0.0026660251896828413,0.20249509811401367,32
73.52819061279297,0.0,2080032,65000,3.138394355773926,3.1357076168060303,2.686647891998291,42,-0.002686647931113839,0.17037513852119446,32
73.57990264892578,0.0,2096032,65500,3.0726428031921387,3.070000648498535,2.6422667503356934,42,-0.002642266917973757,0.20540720224380493,32
73.49388122558594,0.0,2112032,66000,2.8729097843170166,2.8701701164245605,2.7396914958953857,43,-0.0027396916411817074,0.1856156438589096,32
73.65390014648438,0.0,2128032,66500,4.016519069671631,4.01384973526001,2.669252395629883,43,-0.0026692524552345276,0.16311371326446533,32
73.67965698242188,0.0,2144032,67000,2.571280002593994,2.5686519145965576,2.628157138824463,43,-0.0026281571481376886,0.2538354694843292,32
73.55659484863281,0.0,2160032,67500,2.373055934906006,2.370391368865967,2.6645169258117676,44,-0.002664517145603895,0.24917106330394745,32
73.71157836914062,0.0,2176032,68000,3.2949607372283936,3.29227352142334,2.6872146129608154,44,-0.0026872146409004927,0.16616643965244293,32
73.53617858886719,0.0,2192032,68500,3.3675217628479004,3.364839792251587,2.6819114685058594,44,-0.002681911690160632,0.18075671792030334,32
73.73058319091797,0.0,2208032,69000,2.6496448516845703,2.6469883918762207,2.656557083129883,45,-0.0026565571315586567,0.2288646101951599,32
73.79594421386719,0.0,2224032,69500,3.6270928382873535,3.6244492530822754,2.643657922744751,45,-0.0026436580810695887,0.18321672081947327,32
73.64492797851562,0.0,2240032,70000,3.2633256912231445,3.260594129562378,2.7315561771392822,45,-0.0027315563056617975,0.19181497395038605,32
73.68226623535156,0.0,2256032,70500,2.5158936977386475,2.513230323791504,2.6633334159851074,46,-0.002663333434611559,0.24742886424064636,32
73.66446685791016,0.0,2272032,71000,2.3612895011901855,2.3586316108703613,2.6578292846679688,46,-0.0026578293181955814,0.23349520564079285,32
73.564208984375,0.0,2288032,71500,2.5791001319885254,2.5764169692993164,2.683061122894287,46,-0.0026830611750483513,0.23323588073253632,32
73.59913635253906,0.0,2304032,72000,2.79644775390625,2.7937450408935547,2.70272159576416,47,-0.0027027216274291277,0.17913365364074707,32
73.60418701171875,0.0,2320032,72500,1.9461779594421387,1.9434678554534912,2.7101268768310547,47,-0.0027101270388811827,0.258248507976532,32
73.68465423583984,0.0,2336032,73000,1.9437255859375,1.9410698413848877,2.65574312210083,47,-0.0026557431556284428,0.25988924503326416,32
73.75849151611328,0.0,2352032,73500,2.6947574615478516,2.6921181678771973,2.639263153076172,48,-0.0026392631698399782,0.2095363438129425,32
73.69042205810547,0.0,2368032,74000,2.197368621826172,2.1946768760681152,2.691737174987793,48,-0.002691737376153469,0.23261547088623047,32
73.65962982177734,0.0,2384032,74500,2.170006036758423,2.167330741882324,2.6752514839172363,48,-0.002675251569598913,0.26264846324920654,32
73.70958709716797,0.0,2400032,75000,2.761748790740967,2.759075164794922,2.673694610595703,48,-0.0026736946310847998,0.20091751217842102,32
73.732177734375,0.0,2416032,75500,2.558663845062256,2.5559802055358887,2.6835734844207764,49,-0.0026835736352950335,0.21981880068778992,32
73.61649322509766,0.0,2432032,76000,2.291327476501465,2.2886300086975098,2.6974682807922363,49,-0.002697468502447009,0.23989784717559814,32
73.6841049194336,0.0,2448032,76500,2.6403231620788574,2.6376700401306152,2.65301775932312,49,-0.0026530178729444742,0.19048035144805908,32
73.69805145263672,0.0,2464032,77000,2.301151752471924,2.2984619140625,2.6898159980773926,50,-0.0026898160576820374,0.23537540435791016,32
73.50647735595703,0.0,2480032,77500,2.7084600925445557,2.705765962600708,2.694247007369995,50,-0.002694247057661414,0.21009960770606995,32
73.68138885498047,0.0,2496032,78000,1.7807668447494507,1.7781004905700684,2.6663854122161865,50,-0.0026663856115192175,0.24509721994400024,32
73.67225646972656,0.0,2512032,78500,2.319697856903076,2.3170523643493652,2.6453754901885986,51,-0.0026453756727278233,0.24019229412078857,32
73.54450988769531,0.0,2528032,79000,2.8846383094787598,2.8819315433502197,2.7068605422973633,51,-0.0027068606577813625,0.19495722651481628,32
73.638427734375,0.0,2544032,79500,2.770082473754883,2.7673990726470947,2.6833691596984863,51,-0.0026833692099899054,0.19930078089237213,32
73.68316650390625,0.0,2560032,80000,2.3721649646759033,2.3694944381713867,2.670438289642334,52,-0.0026704384945333004,0.22222107648849487,32
73.6650390625,0.0,2576032,80500,3.8138537406921387,3.8111753463745117,2.6784610748291016,52,-0.002678461140021682,0.1408461183309555,32
73.4653549194336,0.0,2592032,81000,2.6639342308044434,2.6612367630004883,2.697517156600952,52,-0.0026975173968821764,0.2061813473701477,32
73.77229309082031,0.0,2608032,81500,2.791656494140625,2.788980007171631,2.6763837337493896,53,-0.002676383825019002,0.20001742243766785,32
73.61038970947266,0.0,2624032,82000,2.9905755519866943,2.987874746322632,2.7008755207061768,53,-0.00270087574608624,0.18839815258979797,32
73.6512680053711,0.0,2640032,82500,2.607490301132202,2.604813575744629,2.676743268966675,53,-0.0026767433155328035,0.1874120533466339,32
73.55753326416016,0.0,2656032,83000,2.713055372238159,2.710406541824341,2.6488420963287354,54,-0.0026488422881811857,0.2548450529575348,32
73.71308898925781,0.0,2672032,83500,2.7035462856292725,2.700850009918213,2.6962826251983643,54,-0.00269628269597888,0.21544203162193298,32
73.68256378173828,0.0,2688032,84000,3.183593988418579,3.180936574935913,2.6573827266693115,54,-0.0026573827490210533,0.21806618571281433,32
73.71172332763672,0.0,2704032,84500,3.2927803993225098,3.290109157562256,2.671264886856079,55,-0.0026712650433182716,0.18615496158599854,32
73.7601089477539,0.0,2720032,85000,2.186094045639038,2.1834285259246826,2.6656339168548584,55,-0.002665634034201503,0.23587140440940857,32
73.89405059814453,0.0,2736032,85500,2.8237075805664062,2.821033239364624,2.674356698989868,55,-0.0026743568014353514,0.26145049929618835,32
73.7745590209961,0.0,2752032,86000,2.44374942779541,2.4410746097564697,2.674844264984131,56,-0.0026748443488031626,0.2301473319530487,32
73.73078155517578,0.0,2768032,86500,3.4474353790283203,3.444776773452759,2.65866756439209,56,-0.002658667741343379,0.179857537150383,32
73.70314025878906,0.0,2784032,87000,2.7168068885803223,2.714120626449585,2.6863436698913574,56,-0.002686343854293227,0.22042754292488098,32
73.66386413574219,0.0,2800032,87500,2.6418914794921875,2.6391990184783936,2.692380905151367,57,-0.0026923809200525284,0.19869869947433472,32
73.76368713378906,0.0,2816032,88000,2.71376371383667,2.7111051082611084,2.658608913421631,57,-0.0026586090680211782,0.22976361215114594,32
73.73799133300781,0.0,2832032,88500,2.052197217941284,2.049539089202881,2.658112049102783,57,-0.002658112207427621,0.2394915223121643,32
73.58386993408203,0.0,2848032,89000,2.471013307571411,2.4683127403259277,2.7006444931030273,58,-0.0027006445452570915,0.2034166306257248,32
73.71672821044922,0.0,2864032,89500,2.5421159267425537,2.539449691772461,2.666135787963867,58,-0.0026661360170692205,0.23937085270881653,32
73.77902221679688,0.0,2880032,90000,2.5402441024780273,2.5376038551330566,2.640353202819824,58,-0.0026403532829135656,0.24726518988609314,32
73.60203552246094,0.0,2896032,90500,3.0302796363830566,3.0275790691375732,2.7004923820495605,59,-0.0027004925068467855,0.17263372242450714,32
73.79927062988281,0.0,2912032,91000,2.6443042755126953,2.641648292541504,2.656062602996826,59,-0.0026560628321021795,0.23312070965766907,32
73.72613525390625,0.0,2928032,91500,2.5367255210876465,2.534050226211548,2.6752424240112305,59,-0.0026752424892038107,0.22087512910366058,32
73.7463150024414,0.0,2944032,92000,2.252331495285034,2.2496488094329834,2.682762622833252,60,-0.002682762686163187,0.23306572437286377,32
73.89246368408203,0.0,2960032,92500,2.3630833625793457,2.3604187965393066,2.6645374298095703,60,-0.0026645376347005367,0.2226695716381073,32
73.74750518798828,0.0,2976032,93000,2.597038507461548,2.594356060028076,2.6825613975524902,60,-0.00268256152048707,0.21945181488990784,32
73.76866912841797,0.0,2992032,93500,1.9853264093399048,1.9826706647872925,2.6557328701019287,61,-0.002655732911080122,0.25131112337112427,32
73.80171203613281,0.0,3008032,94000,2.6470320224761963,2.644364595413208,2.667336940765381,61,-0.002667336957529187,0.22272607684135437,32
73.91731262207031,0.0,3024032,94500,2.731060028076172,2.7284128665924072,2.6472649574279785,61,-0.0026472650934010744,0.23217198252677917,32
73.7369384765625,0.0,3040032,95000,2.5175442695617676,2.5148260593414307,2.7183187007904053,62,-0.0027183187194168568,0.2296810746192932,32
73.86018371582031,0.0,3056032,95500,2.442317008972168,2.4396369457244873,2.6800265312194824,62,-0.0026800266932696104,0.23696935176849365,32
73.7568359375,0.0,3072032,96000,2.369727373123169,2.367074728012085,2.652745246887207,62,-0.002652745461091399,0.2328416407108307,32
73.78929138183594,0.0,3088032,96500,2.224865198135376,2.222200632095337,2.6646275520324707,63,-0.0026646277401596308,0.23328158259391785,32
73.83675384521484,0.0,3104032,97000,2.8579235076904297,2.8552603721618652,2.663022518157959,63,-0.002663022605702281,0.18691900372505188,32
73.62543487548828,0.0,3120032,97500,3.1666715145111084,3.1639633178710938,2.7082056999206543,63,-0.002708205720409751,0.20309796929359436,32
73.95960998535156,0.0,3136032,98000,3.472540855407715,3.4699013233184814,2.6395974159240723,64,-0.002639597514644265,0.20790818333625793,32
73.8371353149414,0.0,3152032,98500,2.0491151809692383,2.046461820602417,2.6533424854278564,64,-0.0026533426716923714,0.2453133910894394,32
73.69721984863281,0.0,3168032,99000,2.3747854232788086,2.3721060752868652,2.679328203201294,64,-0.0026793284341692924,0.25673192739486694,32
73.85649871826172,0.0,3184032,99500,2.699254035949707,2.69657826423645,2.6757142543792725,64,-0.002675714436918497,0.20673981308937073,32
73.8740005493164,0.0,3200032,100000,3.7998788356781006,3.7972123622894287,2.6665356159210205,65,-0.0026665357872843742,0.18074046075344086,32
73.94601440429688,0.0,3216032,100500,2.044830083847046,2.042120933532715,2.709177255630493,65,-0.0027091773226857185,0.2867262363433838,32
73.87569427490234,0.0,3232032,101000,2.5428547859191895,2.540201187133789,2.653640031814575,65,-0.002653640229254961,0.2336888462305069,32
73.84695434570312,0.0,3248032,101500,3.028764247894287,3.0260941982269287,2.670095205307007,66,-0.0026700953021645546,0.16878357529640198,32
73.95037078857422,0.0,3264032,102000,2.7113261222839355,2.708672046661377,2.6540627479553223,66,-0.002654062816873193,0.20873232185840607,32
73.86918640136719,0.0,3280032,102500,2.4361841678619385,2.4335060119628906,2.6782479286193848,66,-0.0026782480999827385,0.2060534656047821,32
73.8520278930664,0.0,3296032,103000,2.579702615737915,2.576979637145996,2.723017692565918,67,-0.002723017707467079,0.20189207792282104,32
73.95133209228516,0.0,3312032,103500,2.061296224594116,2.0586352348327637,2.6609859466552734,67,-0.0026609860360622406,0.2556057572364807,32
73.86693572998047,0.0,3328032,104000,2.22744083404541,2.2247731685638428,2.6677298545837402,67,-0.002667729975655675,0.24728210270404816,32
73.86278533935547,0.0,3344032,104500,2.477426528930664,2.474762201309204,2.664219617843628,68,-0.002664219820871949,0.24577955901622772,32
73.7685775756836,0.0,3360032,105000,3.2884750366210938,3.285794496536255,2.680475950241089,68,-0.0026804760564118624,0.17713037133216858,32
73.81187438964844,0.0,3376032,105500,2.341046094894409,2.338348388671875,2.697723388671875,68,-0.00269772345200181,0.21725748479366302,32
73.66710662841797,0.0,3392032,106000,2.1046786308288574,2.1019978523254395,2.680786609649658,69,-0.0026807866524904966,0.21713507175445557,32
73.76016235351562,0.0,3408032,106500,3.024122476577759,3.0214409828186035,2.681474208831787,69,-0.00268147443421185,0.2182648479938507,32
73.88545227050781,0.0,3424032,107000,1.9546585083007812,1.9520295858383179,2.62892484664917,69,-0.002628925023600459,0.2723695635795593,32
73.79048156738281,0.0,3440032,107500,2.2813422679901123,2.278681516647339,2.6606640815734863,70,-0.002660664264112711,0.2376762479543686,32
73.821533203125,0.0,3456032,108000,2.3471405506134033,2.3444597721099854,2.6806790828704834,70,-0.002680679317563772,0.25370854139328003,32
73.75213623046875,0.0,3472032,108500,3.4258956909179688,3.423239231109619,2.6564488410949707,70,-0.0026564488653093576,0.2154446393251419,32
73.7914047241211,0.0,3488032,109000,2.117835283279419,2.115156412124634,2.6789369583129883,71,-0.0026789370458573103,0.23827487230300903,32
73.67807006835938,0.0,3504032,109500,3.332552909851074,3.329857587814331,2.695403814315796,71,-0.0026954039931297302,0.17190444469451904,32
73.57982635498047,0.0,3520032,110000,2.7613115310668945,2.7586023807525635,2.709259033203125,71,-0.002709259046241641,0.20888593792915344,32
73.83287811279297,0.0,3536032,110500,3.295956611633301,3.293274402618408,2.682325601577759,72,-0.0026823256630450487,0.17956486344337463,32
73.84687805175781,0.0,3552032,111000,2.5965826511383057,2.593904733657837,2.678023338317871,72,-0.0026780234184116125,0.19489987194538116,32
73.92671966552734,0.0,3568032,111500,2.827031135559082,2.8243861198425293,2.6451027393341064,72,-0.002645102795213461,0.23122182488441467,32
73.9504165649414,0.0,3584032,112000,3.176262855529785,3.173593759536743,2.669095516204834,73,-0.002669095527380705,0.21806059777736664,32
73.95170593261719,0.0,3600032,112500,3.0491762161254883,3.0465188026428223,2.6574816703796387,73,-0.002657481702044606,0.2140967845916748,32
73.80524444580078,0.0,3616032,113000,2.968513011932373,2.96584415435791,2.6688458919525146,73,-0.002668845932930708,0.19915512204170227,32
73.94173431396484,0.0,3632032,113500,1.9086720943450928,1.9060014486312866,2.6707024574279785,74,-0.002670702524483204,0.23910164833068848,32
73.84843444824219,0.0,3648032,114000,2.515005111694336,2.5123140811920166,2.6909382343292236,74,-0.002690938301384449,0.23942187428474426,32
73.85613250732422,0.0,3664032,114500,2.8405327796936035,2.837846279144287,2.686525821685791,74,-0.0026865259278565645,0.21379636228084564,32
73.95063018798828,0.0,3680032,115000,3.401618719100952,3.3989675045013428,2.6512255668640137,75,-0.0026512257754802704,0.21106313169002533,32
73.94013977050781,0.0,3696032,115500,2.889594316482544,2.886920690536499,2.673598289489746,75,-0.0026735984720289707,0.20745477080345154,32
73.90184783935547,0.0,3712032,116000,3.4297969341278076,3.4271416664123535,2.6553120613098145,75,-0.0026553121861070395,0.1762540638446808,32
73.89201354980469,0.0,3728032,116500,2.4229416847229004,2.420250177383423,2.6914095878601074,76,-0.002691409783437848,0.23578941822052002,32
73.90471649169922,0.0,3744032,117000,2.33528208732605,2.3326163291931152,2.665806293487549,76,-0.0026658063288778067,0.24949762225151062,32
73.8282470703125,0.0,3760032,117500,2.2179336547851562,2.2152833938598633,2.650322198867798,76,-0.0026503223925828934,0.29179924726486206,32
73.85465240478516,0.0,3776032,118000,1.8190113306045532,1.8163342475891113,2.677112102508545,77,-0.0026771121192723513,0.28725218772888184,32
73.81109619140625,0.0,3792032,118500,2.690305709838867,2.6876349449157715,2.670769214630127,77,-0.0026707693468779325,0.2369283139705658,32
73.78868103027344,0.0,3808032,119000,3.219788074493408,3.2171337604522705,2.6542623043060303,77,-0.002654262352734804,0.19244182109832764,32
73.66531372070312,0.0,3824032,119500,3.0490574836730957,3.0463712215423584,2.6862411499023438,78,-0.002686241175979376,0.2088695615530014,32
73.70132446289062,0.0,3840032,120000,3.8164358139038086,3.8137543201446533,2.681609630584717,78,-0.002681609708815813,0.16994722187519073,32
73.69827270507812,0.0,3856032,120500,2.952138662338257,2.9494664669036865,2.672128200531006,78,-0.00267212837934494,0.22269988059997559,32
73.7568130493164,0.0,3872032,121000,2.12030291557312,2.117624521255493,2.678279399871826,79,-0.0026782795321196318,0.2401965856552124,32
73.73994445800781,0.0,3888032,121500,2.3309640884399414,2.32828688621521,2.677100658416748,79,-0.0026771007105708122,0.24543534219264984,32
73.73873901367188,0.0,3904032,122000,2.628964424133301,2.626274347305298,2.6900458335876465,79,-0.0026900458615273237,0.16611602902412415,32
73.71552276611328,0.0,3920032,122500,1.9968699216842651,1.9941844940185547,2.685405969619751,80,-0.0026854060124605894,0.25941112637519836,32
73.81249237060547,0.0,3936032,123000,2.9499940872192383,2.9473319053649902,2.6622684001922607,80,-0.002662268467247486,0.1906408667564392,32
73.74585723876953,0.0,3952032,123500,2.3969130516052246,2.3942372798919678,2.6757636070251465,80,-0.0026757637970149517,0.22731304168701172,32
73.69781494140625,0.0,3968032,124000,1.9050804376602173,1.9023774862289429,2.7029006481170654,80,-0.0027029006741940975,0.25376421213150024,32
73.8670883178711,0.0,3984032,124500,2.0610103607177734,2.0583460330963135,2.664337635040283,81,-0.0026643378660082817,0.26054415106773376,32
73.84220886230469,0.0,4000032,125000,2.59498929977417,2.592355489730835,2.633913516998291,81,-0.002633913652971387,0.24534964561462402,32
73.75477600097656,0.0,4016032,125500,1.9964191913604736,1.9937325716018677,2.686634063720703,81,-0.0026866341941058636,0.2248232662677765,32
73.80492401123047,0.0,4032032,126000,1.8702516555786133,1.8676024675369263,2.649155616760254,82,-0.002649155678227544,0.26140913367271423,32
73.6406021118164,0.0,4048032,126500,2.450100898742676,2.4474053382873535,2.6955718994140625,82,-0.0026955720968544483,0.22633442282676697,32
73.71285247802734,0.0,4064032,127000,2.05507755279541,2.052386522293091,2.690932035446167,82,-0.002690932247787714,0.23691272735595703,32
73.83283233642578,0.0,4080032,127500,2.437201499938965,2.4345431327819824,2.658323049545288,83,-0.0026583231519907713,0.22940698266029358,32
73.83191680908203,0.0,4096032,128000,2.438520908355713,2.435844898223877,2.6760330200195312,83,-0.0026760331820696592,0.23727664351463318,32
73.77930450439453,0.0,4112032,128500,2.2863974571228027,2.2837183475494385,2.6789920330047607,83,-0.0026789922267198563,0.2256835401058197,32
73.7881088256836,0.0,4128032,129000,2.397902011871338,2.3952438831329346,2.6582279205322266,84,-0.0026582281570881605,0.20074069499969482,32
73.87588500976562,0.0,4144032,129500,3.1672897338867188,3.1646313667297363,2.658360004425049,84,-0.0026583601720631123,0.21152463555335999,32
73.95745849609375,0.0,4160032,130000,2.2620253562927246,2.2593801021575928,2.645352602005005,84,-0.0026453526224941015,0.262969970703125,32
73.7940902709961,0.0,4176032,130500,3.726001262664795,3.723325729370117,2.675487518310547,85,-0.002675487659871578,0.18369916081428528,32
73.7841567993164,0.0,4192032,131000,2.7911782264709473,2.788485050201416,2.6932482719421387,85,-0.0026932484470307827,0.2384147197008133,32
73.87177276611328,0.0,4208032,131500,3.858088493347168,3.8554418087005615,2.646665096282959,85,-0.002646665321663022,0.1841793954372406,32
73.63617706298828,0.0,4224032,132000,2.375378131866455,2.3726718425750732,2.7063241004943848,86,-0.002706324215978384,0.22511395812034607,32
73.76848602294922,0.0,4240032,132500,2.9445278644561768,2.941878080368042,2.649747610092163,86,-0.0026497477665543556,0.20164340734481812,32
73.91571807861328,0.0,4256032,133000,2.137794017791748,2.135164499282837,2.629399299621582,86,-0.0026293995324522257,0.24703766405582428,32
73.65643310546875,0.0,4272032,133500,2.2343742847442627,2.2316882610321045,2.6859652996063232,87,-0.0026859655044972897,0.2529374361038208,32
73.77205657958984,0.0,4288032,134000,2.3278307914733887,2.32515025138855,2.6806392669677734,87,-0.0026806395035237074,0.221441388130188,32
73.72984313964844,0.0,4304032,134500,2.8967983722686768,2.894127130508423,2.671226978302002,87,-0.002671227091923356,0.2227947860956192,32
73.8273696899414,0.0,4320032,135000,2.686654567718506,2.683999538421631,2.655031204223633,88,-0.002655031392350793,0.22450867295265198,32
73.80948638916016,0.0,4336032,135500,2.8886349201202393,2.885960578918457,2.6744139194488525,88,-0.0026744140777736902,0.19074466824531555,32
73.63872528076172,0.0,4352032,136000,3.077205181121826,3.074514865875244,2.6902506351470947,88,-0.002690250752493739,0.2254953533411026,32
73.78514862060547,0.0,4368032,136500,1.977774977684021,1.975071907043457,2.7030341625213623,89,-0.002703034318983555,0.24685746431350708,32
73.81937408447266,0.0,4384032,137000,3.2435543537139893,3.240882635116577,2.6716325283050537,89,-0.002671632682904601,0.17791950702667236,32
73.91644287109375,0.0,4400032,137500,3.5786595344543457,3.57598876953125,2.6707892417907715,89,-0.0026707893703132868,0.1839541494846344,32
73.75450897216797,0.0,4416032,138000,2.3485660552978516,2.3458614349365234,2.704625129699707,90,-0.0027046252507716417,0.24454712867736816,32
73.9273452758789,0.0,4432032,138500,2.8344624042510986,2.8318309783935547,2.631469249725342,90,-0.0026314693968743086,0.21681727468967438,32
73.91028594970703,0.0,4448032,139000,2.582005023956299,2.579338312149048,2.666619300842285,90,-0.002666619373485446,0.24830643832683563,32
73.8434829711914,0.0,4464032,139500,2.9868061542510986,2.9841387271881104,2.6673355102539062,91,-0.0026673355605453253,0.18617036938667297,32
73.90483856201172,0.0,4480032,140000,2.1862924098968506,2.1836047172546387,2.6877012252807617,91,-0.0026877012569457293,0.21682652831077576,32
73.72840881347656,0.0,4496032,140500,2.618306875228882,2.6155776977539062,2.7292494773864746,91,-0.0027292496524751186,0.20898838341236115,32
73.86528015136719,0.0,4512032,141000,2.128164052963257,2.125478506088257,2.685610771179199,92,-0.002685610903427005,0.2163664847612381,32
73.8612289428711,0.0,4528032,141500,2.684004068374634,2.6813409328460693,2.6630682945251465,92,-0.002663068473339081,0.22055666148662567,32
73.64054870605469,0.0,4544032,142000,2.9618446826934814,2.9591569900512695,2.687673568725586,92,-0.002687673782929778,0.21959957480430603,32
73.6662826538086,0.0,4560032,142500,1.9072623252868652,1.9045653343200684,2.696953773498535,93,-0.002696953946724534,0.25828152894973755,32
73.86063385009766,0.0,4576032,143000,3.635866403579712,3.6332104206085205,2.6559486389160156,93,-0.002655948745086789,0.14142213761806488,32
73.81732177734375,0.0,4592032,143500,3.1835741996765137,3.1809306144714355,2.643547773361206,93,-0.0026435479521751404,0.20133700966835022,32
73.7569351196289,0.0,4608032,144000,2.3330817222595215,2.330390453338623,2.6913084983825684,94,-0.0026913087349385023,0.25245797634124756,32
73.80860137939453,0.0,4624032,144500,2.7811408042907715,2.7784786224365234,2.6622347831726074,94,-0.0026622349396348,0.22384467720985413,32
73.78431701660156,0.0,4640032,145000,2.081204414367676,2.0785608291625977,2.6434826850891113,94,-0.0026434827595949173,0.24867525696754456,32
73.80400848388672,0.0,4656032,145500,2.3013994693756104,2.2987377643585205,2.661642074584961,95,-0.002661642152816057,0.20235297083854675,32
73.68175506591797,0.0,4672032,146000,2.917651653289795,2.9149725437164307,2.679020881652832,95,-0.0026790210977196693,0.21507364511489868,32
73.83998107910156,0.0,4688032,146500,2.565377712249756,2.5627071857452393,2.670478343963623,95,-0.002670478541404009,0.21626485884189606,32
73.63886260986328,0.0,4704032,147000,2.9720308780670166,2.9693331718444824,2.697742223739624,96,-0.002697742311283946,0.18739111721515656,32
73.66728210449219,0.0,4720032,147500,3.214197874069214,3.2114756107330322,2.7222068309783936,96,-0.0027222069911658764,0.16571591794490814,32
73.8332748413086,0.0,4736032,148000,3.376054525375366,3.3734030723571777,2.6514368057250977,96,-0.0026514369528740644,0.1732587218284607,32
73.78450012207031,0.0,4752032,148500,2.280182361602783,2.2775256633758545,2.656808376312256,96,-0.002656808588653803,0.2480066418647766,32
73.73396301269531,0.0,4768032,149000,1.875211238861084,1.8725429773330688,2.6682724952697754,97,-0.002668272703886032,0.23720046877861023,32
73.82501983642578,0.0,4784032,149500,3.1742005348205566,3.171522378921509,2.67806339263916,97,-0.002678063465282321,0.19923703372478485,32
73.77584075927734,0.0,4800032,150000,2.8098320960998535,2.8071513175964355,2.680727481842041,97,-0.0026807275135070086,0.18052616715431213,32
73.80097198486328,0.0,4816032,150500,2.5455117225646973,2.5428338050842285,2.6779401302337646,98,-0.002677940297871828,0.18787172436714172,32
73.60731506347656,0.0,4832032,151000,2.5077977180480957,2.505095958709717,2.701824188232422,98,-0.0027018242981284857,0.19191023707389832,32
73.77751922607422,0.0,4848032,151500,2.1753554344177246,2.1726388931274414,2.716487407684326,98,-0.002716487506404519,0.23363956809043884,32
73.67328643798828,0.0,4864032,152000,2.3987324237823486,2.3960683345794678,2.6641557216644287,99,-0.0026641557924449444,0.2524130940437317,32
73.7230224609375,0.0,4880032,152500,3.0343170166015625,3.031663417816162,2.653611898422241,99,-0.002653612056747079,0.18086984753608704,32
73.8306884765625,0.0,4896032,153000,2.001271963119507,1.9985953569412231,2.6766488552093506,99,-0.0026766490191221237,0.2541438043117523,32
